patientAMKA,username,hashedpassword,name,surname,salt
10861053780,patient1,F892B5A6DB5A54E3588AB8EE608DC422,patient1,patient1,[B@5c29bfd
15307175633,dboydona,1F92E40EE818B06B171F0E6C9FC02E93,Daune,Boydon,[B@4b9af9a9
16735885457,lwisbey4,6DA35887DB13F7A066C70FD15125CFE1,Lanni,Wisbey,[B@531d72ca
36585731256,mpng,7AF3C64717343FAA0F350985E8060BF9,mitsos,png,[B@67424e82
37524707280,gtooher6,689C2B8F9318727C804DD87A81D019F2,Grace,Tooher,[B@579bb367
38982220310,ccriere,94260BD40FDB7807CB67185265ED977B,Consuela,Crier,[B@bebdb06
44109599039,kcarbertj,435C346325093E6B361263FAB1FAD90A,Kasper,Carbert,[B@6d21714c
45345345543,kapav,FAA0A7F8C67B9D90016FF2876E29AC8B,manolis,kapa,[B@3b44a2c9
47031758099,jwait9,356149A2320F9012C706B3D94C3E1710,Jessi,Wait,[B@41906a77
48671814280,akeeltaghd,5FDE4BBB67F8698D801131CFC8202DF7,Augustin,Keeltagh,[B@2cdf8d8a
52227774074,adwyerb,683456CE2E53C23D3E02A440117A5297,Angus,Dwyer,[B@5387f9e0
55181990284,salmani,5BA2B725C7ED1905A664227B0DEADF23,Silva,Alman,[B@736e9adb
56616012331,dbourgeois7,3096945F3FA4994CA859E2F4A9B04580,Derward,Bourgeois,[B@1de0aca6
64643973160,bmilleryf,D60B5BC934DFCAE688F2C9E5653DC229,Barbe,Millery,[B@2077d4de
70269995455,esimmill3,A5C6E560EE183B8E658C6065384A2F8E,Evonne,Simmill,[B@42110406
77304523163,cstickler5,5180095BA66373177C176973A84F99D3,Cindie,Stickler,[B@22d8cfe0
78994187625,chris_avg,D000BED2FC1C4364E48D7A2DDDB550BD,xristos,avgerinos,[B@7aec35a
85495354265,fdobbinsonh,8157ED06798EDECB2E45E71FE049FE94,Florry,Dobbinson,[B@77a567e1
91996752439,kscrippsg,B69A661D8000001F7BAAFD741DAA71E5,Karrie,Scripps,[B@7591083d
93983172269,vvalentinetti8,30D454BB8D3BC74A0A2C12D1E2A2F1FA,Vevay,Valentinetti,[B@255316f2
96359711897,rcourtmanc,C77C1FF065DCBA15D6588C4B0D41D126,Rheba,Courtman,[B@6e5e91e4
